
/*!40101 SET @OLD_CHARACTER_SET_CLIENT=@@CHARACTER_SET_CLIENT */;
/*!40101 SET @OLD_CHARACTER_SET_RESULTS=@@CHARACTER_SET_RESULTS */;
/*!40101 SET @OLD_COLLATION_CONNECTION=@@COLLATION_CONNECTION */;
/*!40101 SET NAMES utf8 */;
/*!40103 SET @OLD_TIME_ZONE=@@TIME_ZONE */;
/*!40103 SET TIME_ZONE='+00:00' */;
/*!40014 SET @OLD_UNIQUE_CHECKS=@@UNIQUE_CHECKS, UNIQUE_CHECKS=0 */;
/*!40014 SET @OLD_FOREIGN_KEY_CHECKS=@@FOREIGN_KEY_CHECKS, FOREIGN_KEY_CHECKS=0 */;
/*!40101 SET @OLD_SQL_MODE=@@SQL_MODE, SQL_MODE='NO_AUTO_VALUE_ON_ZERO' */;
/*!40111 SET @OLD_SQL_NOTES=@@SQL_NOTES, SQL_NOTES=0 */;

--
-- Table structure for table `area`
--

DROP TABLE IF EXISTS `area`;
/*!40101 SET @saved_cs_client     = @@character_set_client */;
/*!40101 SET character_set_client = utf8 */;
CREATE TABLE `area` (
  `id` int(11) unsigned NOT NULL AUTO_INCREMENT,
  `nombre` varchar(250) DEFAULT NULL,
  `id_local` int(11) NOT NULL,
  `usuario_creado` varchar(250) DEFAULT NULL,
  `fecha_creado` datetime DEFAULT NULL,
  `usuario_modificado` varchar(250) NOT NULL,
  `fecha_modificado` datetime DEFAULT NULL,
  `estado` tinyint(1) NOT NULL DEFAULT '1',
  PRIMARY KEY (`id`)
) ENGINE=InnoDB AUTO_INCREMENT=6 DEFAULT CHARSET=utf8;
/*!40101 SET character_set_client = @saved_cs_client */;

--
-- Dumping data for table `area`
--

LOCK TABLES `area` WRITE;
/*!40000 ALTER TABLE `area` DISABLE KEYS */;
INSERT INTO `area` VALUES (1,'Administracion',1,NULL,'2017-02-04 22:00:13','','2017-02-04 22:03:18',1),(2,'Sistemas',1,'admin','2017-02-05 09:53:35','','2017-02-05 09:53:35',1),(3,'rrhh',1,'admin','2017-02-05 09:54:48','admin','2017-02-05 09:56:01',0),(4,'GERENCIA DE PRODUCCIÓN',1,'admin','2017-02-23 01:17:18','',NULL,1),(5,'CAMPO',1,'admin','2017-02-23 01:17:30','',NULL,1);
/*!40000 ALTER TABLE `area` ENABLE KEYS */;
UNLOCK TABLES;

--
-- Table structure for table `cuestionario_siso`
--

DROP TABLE IF EXISTS `cuestionario_siso`;
/*!40101 SET @saved_cs_client     = @@character_set_client */;
/*!40101 SET character_set_client = utf8 */;
CREATE TABLE `cuestionario_siso` (
  `id` int(11) unsigned NOT NULL AUTO_INCREMENT,
  `id_puesto_trabajo` int(11) NOT NULL,
  `id_pregunta_siso` int(11) NOT NULL,
  `respuesta` tinyint(1) DEFAULT NULL,
  `usuario_creado` varchar(250) NOT NULL,
  `fecha_creado` datetime DEFAULT NULL,
  `usuario_modificado` varchar(250) NOT NULL,
  `fecha_modificado` datetime DEFAULT NULL,
  `estado` tinyint(1) NOT NULL DEFAULT '1',
  PRIMARY KEY (`id`)
) ENGINE=InnoDB AUTO_INCREMENT=340 DEFAULT CHARSET=utf8;
/*!40101 SET character_set_client = @saved_cs_client */;

--
-- Dumping data for table `cuestionario_siso`
--

LOCK TABLES `cuestionario_siso` WRITE;
/*!40000 ALTER TABLE `cuestionario_siso` DISABLE KEYS */;
INSERT INTO `cuestionario_siso` VALUES (1,1,1,1,'admin','2017-02-05 16:23:35','admin','2017-02-21 00:17:14',0),(2,1,2,1,'admin','2017-02-05 16:23:35','admin','2017-02-21 00:17:14',0),(3,1,3,1,'admin','2017-02-05 16:23:35','admin','2017-02-21 00:17:14',0),(4,1,4,1,'admin','2017-02-05 16:23:35','admin','2017-02-21 00:17:14',0),(5,1,1,0,'admin','2017-02-05 16:23:49','admin','2017-02-21 00:17:14',0),(6,1,2,0,'admin','2017-02-05 16:23:50','admin','2017-02-21 00:17:14',0),(7,1,3,0,'admin','2017-02-05 16:23:50','admin','2017-02-21 00:17:14',0),(8,1,4,0,'admin','2017-02-05 16:23:50','admin','2017-02-21 00:17:14',0),(9,1,1,0,'admin','2017-02-07 05:18:59','admin','2017-02-21 00:17:14',0),(10,1,2,0,'admin','2017-02-07 05:18:59','admin','2017-02-21 00:17:14',0),(11,1,3,0,'admin','2017-02-07 05:18:59','admin','2017-02-21 00:17:14',0),(12,1,4,0,'admin','2017-02-07 05:18:59','admin','2017-02-21 00:17:14',0),(13,1,1,1,'admin','2017-02-07 05:48:23','admin','2017-02-21 00:17:14',0),(14,1,2,1,'admin','2017-02-07 05:48:23','admin','2017-02-21 00:17:14',0),(15,1,3,1,'admin','2017-02-07 05:48:23','admin','2017-02-21 00:17:14',0),(16,1,4,1,'admin','2017-02-07 05:48:23','admin','2017-02-21 00:17:14',0),(17,1,1,1,'admin','2017-02-07 06:54:23','admin','2017-02-21 00:17:14',0),(18,1,2,0,'admin','2017-02-07 06:54:23','admin','2017-02-21 00:17:14',0),(19,1,3,1,'admin','2017-02-07 06:54:23','admin','2017-02-21 00:17:14',0),(20,1,4,0,'admin','2017-02-07 06:54:23','admin','2017-02-21 00:17:14',0),(21,1,1,1,'admin','2017-02-07 06:55:28','admin','2017-02-21 00:17:14',0),(22,1,2,1,'admin','2017-02-07 06:55:28','admin','2017-02-21 00:17:14',0),(23,1,3,1,'admin','2017-02-07 06:55:28','admin','2017-02-21 00:17:14',0),(24,1,4,0,'admin','2017-02-07 06:55:28','admin','2017-02-21 00:17:14',0),(25,2,1,1,'admin','2017-02-07 07:14:08','admin','2017-02-20 23:43:33',0),(26,2,2,0,'admin','2017-02-07 07:14:08','admin','2017-02-20 23:43:33',0),(27,2,3,1,'admin','2017-02-07 07:14:08','admin','2017-02-20 23:43:33',0),(28,2,4,1,'admin','2017-02-07 07:14:08','admin','2017-02-20 23:43:33',0),(29,2,5,0,'admin','2017-02-07 07:14:08','admin','2017-02-20 23:43:33',0),(30,2,6,0,'admin','2017-02-07 07:14:08','admin','2017-02-20 23:43:33',0),(31,2,7,1,'admin','2017-02-07 07:14:08','admin','2017-02-20 23:43:33',0),(32,2,8,1,'admin','2017-02-07 07:14:08','admin','2017-02-20 23:43:33',0),(33,2,9,0,'admin','2017-02-07 07:14:08','admin','2017-02-20 23:43:33',0),(34,2,10,1,'admin','2017-02-07 07:14:08','admin','2017-02-20 23:43:33',0),(35,2,11,1,'admin','2017-02-07 07:14:08','admin','2017-02-20 23:43:33',0),(36,2,12,0,'admin','2017-02-07 07:14:08','admin','2017-02-20 23:43:33',0),(37,2,13,0,'admin','2017-02-07 07:14:08','admin','2017-02-20 23:43:33',0),(38,2,14,1,'admin','2017-02-07 07:14:08','admin','2017-02-20 23:43:33',0),(39,2,15,1,'admin','2017-02-07 07:14:08','admin','2017-02-20 23:43:33',0),(40,2,16,0,'admin','2017-02-07 07:14:08','admin','2017-02-20 23:43:33',0),(41,2,17,0,'admin','2017-02-07 07:14:08','admin','2017-02-20 23:43:33',0),(42,2,1,1,'admin','2017-02-07 07:24:00','admin','2017-02-20 23:43:33',0),(43,2,2,0,'admin','2017-02-07 07:24:00','admin','2017-02-20 23:43:33',0),(44,2,3,1,'admin','2017-02-07 07:24:00','admin','2017-02-20 23:43:33',0),(45,2,4,1,'admin','2017-02-07 07:24:00','admin','2017-02-20 23:43:33',0),(46,2,5,0,'admin','2017-02-07 07:24:00','admin','2017-02-20 23:43:33',0),(47,2,6,0,'admin','2017-02-07 07:24:00','admin','2017-02-20 23:43:33',0),(48,2,7,1,'admin','2017-02-07 07:24:00','admin','2017-02-20 23:43:33',0),(49,2,8,1,'admin','2017-02-07 07:24:00','admin','2017-02-20 23:43:33',0),(50,2,9,0,'admin','2017-02-07 07:24:00','admin','2017-02-20 23:43:33',0),(51,2,10,1,'admin','2017-02-07 07:24:00','admin','2017-02-20 23:43:33',0),(52,2,11,1,'admin','2017-02-07 07:24:00','admin','2017-02-20 23:43:33',0),(53,2,12,0,'admin','2017-02-07 07:24:00','admin','2017-02-20 23:43:33',0),(54,2,13,0,'admin','2017-02-07 07:24:00','admin','2017-02-20 23:43:33',0),(55,2,14,1,'admin','2017-02-07 07:24:00','admin','2017-02-20 23:43:33',0),(56,2,15,1,'admin','2017-02-07 07:24:00','admin','2017-02-20 23:43:33',0),(57,2,16,1,'admin','2017-02-07 07:24:00','admin','2017-02-20 23:43:33',0),(58,2,17,1,'admin','2017-02-07 07:24:00','admin','2017-02-20 23:43:33',0),(59,2,1,1,'admin','2017-02-07 07:25:34','admin','2017-02-20 23:43:33',0),(60,2,2,0,'admin','2017-02-07 07:25:34','admin','2017-02-20 23:43:33',0),(61,2,3,1,'admin','2017-02-07 07:25:34','admin','2017-02-20 23:43:33',0),(62,2,4,1,'admin','2017-02-07 07:25:34','admin','2017-02-20 23:43:33',0),(63,2,5,0,'admin','2017-02-07 07:25:34','admin','2017-02-20 23:43:33',0),(64,2,6,0,'admin','2017-02-07 07:25:34','admin','2017-02-20 23:43:33',0),(65,2,7,1,'admin','2017-02-07 07:25:34','admin','2017-02-20 23:43:33',0),(66,2,8,1,'admin','2017-02-07 07:25:34','admin','2017-02-20 23:43:33',0),(67,2,9,0,'admin','2017-02-07 07:25:34','admin','2017-02-20 23:43:33',0),(68,2,10,1,'admin','2017-02-07 07:25:34','admin','2017-02-20 23:43:33',0),(69,2,11,1,'admin','2017-02-07 07:25:34','admin','2017-02-20 23:43:33',0),(70,2,12,0,'admin','2017-02-07 07:25:34','admin','2017-02-20 23:43:33',0),(71,2,13,0,'admin','2017-02-07 07:25:34','admin','2017-02-20 23:43:33',0),(72,2,14,1,'admin','2017-02-07 07:25:34','admin','2017-02-20 23:43:33',0),(73,2,15,1,'admin','2017-02-07 07:25:34','admin','2017-02-20 23:43:33',0),(74,2,16,1,'admin','2017-02-07 07:25:34','admin','2017-02-20 23:43:33',0),(75,2,17,1,'admin','2017-02-07 07:25:34','admin','2017-02-20 23:43:33',0),(76,1,1,1,'admin','2017-02-09 04:21:52','admin','2017-02-21 00:17:14',0),(77,1,2,1,'admin','2017-02-09 04:21:52','admin','2017-02-21 00:17:14',0),(78,1,3,1,'admin','2017-02-09 04:21:52','admin','2017-02-21 00:17:14',0),(79,1,4,0,'admin','2017-02-09 04:21:52','admin','2017-02-21 00:17:14',0),(80,1,5,0,'admin','2017-02-09 04:21:52','admin','2017-02-21 00:17:14',0),(81,1,6,0,'admin','2017-02-09 04:21:52','admin','2017-02-21 00:17:14',0),(82,1,7,0,'admin','2017-02-09 04:21:52','admin','2017-02-21 00:17:14',0),(83,1,8,0,'admin','2017-02-09 04:21:52','admin','2017-02-21 00:17:14',0),(84,1,9,0,'admin','2017-02-09 04:21:52','admin','2017-02-21 00:17:14',0),(85,1,10,0,'admin','2017-02-09 04:21:52','admin','2017-02-21 00:17:14',0),(86,1,11,0,'admin','2017-02-09 04:21:52','admin','2017-02-21 00:17:14',0),(87,1,12,0,'admin','2017-02-09 04:21:52','admin','2017-02-21 00:17:14',0),(88,1,13,0,'admin','2017-02-09 04:21:52','admin','2017-02-21 00:17:14',0),(89,1,14,0,'admin','2017-02-09 04:21:52','admin','2017-02-21 00:17:14',0),(90,1,15,0,'admin','2017-02-09 04:21:52','admin','2017-02-21 00:17:14',0),(91,1,16,1,'admin','2017-02-09 04:21:52','admin','2017-02-21 00:17:14',0),(92,1,17,0,'admin','2017-02-09 04:21:52','admin','2017-02-21 00:17:14',0),(93,4,1,0,'admin','2017-02-13 01:50:00','admin','2017-02-13 01:55:53',0),(94,4,2,1,'admin','2017-02-13 01:50:00','admin','2017-02-13 01:55:53',0),(95,4,3,1,'admin','2017-02-13 01:50:00','admin','2017-02-13 01:55:53',0),(96,4,4,1,'admin','2017-02-13 01:50:00','admin','2017-02-13 01:55:53',0),(97,4,5,1,'admin','2017-02-13 01:50:00','admin','2017-02-13 01:55:53',0),(98,4,6,0,'admin','2017-02-13 01:50:00','admin','2017-02-13 01:55:53',0),(99,4,7,0,'admin','2017-02-13 01:50:00','admin','2017-02-13 01:55:53',0),(100,4,8,0,'admin','2017-02-13 01:50:00','admin','2017-02-13 01:55:53',0),(101,4,9,0,'admin','2017-02-13 01:50:00','admin','2017-02-13 01:55:53',0),(102,4,10,0,'admin','2017-02-13 01:50:00','admin','2017-02-13 01:55:53',0),(103,4,11,0,'admin','2017-02-13 01:50:00','admin','2017-02-13 01:55:53',0),(104,4,12,0,'admin','2017-02-13 01:50:00','admin','2017-02-13 01:55:53',0),(105,4,13,1,'admin','2017-02-13 01:50:00','admin','2017-02-13 01:55:53',0),(106,4,14,0,'admin','2017-02-13 01:50:00','admin','2017-02-13 01:55:53',0),(107,4,15,0,'admin','2017-02-13 01:50:00','admin','2017-02-13 01:55:53',0),(108,4,16,0,'admin','2017-02-13 01:50:00','admin','2017-02-13 01:55:53',0),(109,4,17,0,'admin','2017-02-13 01:50:00','admin','2017-02-13 01:55:53',0),(110,4,18,0,'admin','2017-02-13 01:50:00','admin','2017-02-13 01:55:53',0),(111,4,19,0,'admin','2017-02-13 01:50:00','admin','2017-02-13 01:55:53',0),(112,4,1,0,'admin','2017-02-13 01:55:53','','2017-02-12 19:55:53',1),(113,4,2,1,'admin','2017-02-13 01:55:53','','2017-02-12 19:55:53',1),(114,4,3,1,'admin','2017-02-13 01:55:53','','2017-02-12 19:55:53',1),(115,4,4,1,'admin','2017-02-13 01:55:53','','2017-02-12 19:55:53',1),(116,4,5,1,'admin','2017-02-13 01:55:53','','2017-02-12 19:55:53',1),(117,4,6,0,'admin','2017-02-13 01:55:53','','2017-02-12 19:55:53',1),(118,4,7,0,'admin','2017-02-13 01:55:53','','2017-02-12 19:55:53',1),(119,4,8,0,'admin','2017-02-13 01:55:53','','2017-02-12 19:55:53',1),(120,4,9,0,'admin','2017-02-13 01:55:53','','2017-02-12 19:55:53',1),(121,4,10,0,'admin','2017-02-13 01:55:53','','2017-02-12 19:55:53',1),(122,4,11,0,'admin','2017-02-13 01:55:53','','2017-02-12 19:55:53',1),(123,4,12,0,'admin','2017-02-13 01:55:53','','2017-02-12 19:55:53',1),(124,4,13,1,'admin','2017-02-13 01:55:53','','2017-02-12 19:55:53',1),(125,4,14,0,'admin','2017-02-13 01:55:53','','2017-02-12 19:55:53',1),(126,4,15,0,'admin','2017-02-13 01:55:53','','2017-02-12 19:55:53',1),(127,4,16,0,'admin','2017-02-13 01:55:53','','2017-02-12 19:55:53',1),(128,4,17,0,'admin','2017-02-13 01:55:53','','2017-02-12 19:55:53',1),(129,4,18,0,'admin','2017-02-13 01:55:53','','2017-02-12 19:55:53',1),(130,4,19,0,'admin','2017-02-13 01:55:53','','2017-02-12 19:55:53',1),(131,10,1,NULL,'admin','2017-02-20 11:43:22','admin','2017-02-20 11:43:34',0),(132,10,2,1,'admin','2017-02-20 11:43:22','admin','2017-02-20 11:43:34',0),(133,10,3,1,'admin','2017-02-20 11:43:22','admin','2017-02-20 11:43:34',0),(134,10,4,1,'admin','2017-02-20 11:43:22','admin','2017-02-20 11:43:34',0),(135,10,5,1,'admin','2017-02-20 11:43:22','admin','2017-02-20 11:43:34',0),(136,10,6,NULL,'admin','2017-02-20 11:43:22','admin','2017-02-20 11:43:34',0),(137,10,7,NULL,'admin','2017-02-20 11:43:22','admin','2017-02-20 11:43:34',0),(138,10,8,NULL,'admin','2017-02-20 11:43:22','admin','2017-02-20 11:43:34',0),(139,10,9,NULL,'admin','2017-02-20 11:43:22','admin','2017-02-20 11:43:34',0),(140,10,10,NULL,'admin','2017-02-20 11:43:22','admin','2017-02-20 11:43:34',0),(141,10,11,NULL,'admin','2017-02-20 11:43:22','admin','2017-02-20 11:43:34',0),(142,10,18,NULL,'admin','2017-02-20 11:43:22','admin','2017-02-20 11:43:34',0),(143,10,19,NULL,'admin','2017-02-20 11:43:22','admin','2017-02-20 11:43:34',0),(144,10,12,NULL,'admin','2017-02-20 11:43:22','admin','2017-02-20 11:43:34',0),(145,10,13,1,'admin','2017-02-20 11:43:22','admin','2017-02-20 11:43:34',0),(146,10,14,NULL,'admin','2017-02-20 11:43:22','admin','2017-02-20 11:43:34',0),(147,10,15,NULL,'admin','2017-02-20 11:43:22','admin','2017-02-20 11:43:34',0),(148,10,16,NULL,'admin','2017-02-20 11:43:22','admin','2017-02-20 11:43:34',0),(149,10,17,NULL,'admin','2017-02-20 11:43:22','admin','2017-02-20 11:43:34',0),(150,10,1,NULL,'admin','2017-02-20 11:43:29','admin','2017-02-20 11:43:34',0),(151,10,2,1,'admin','2017-02-20 11:43:29','admin','2017-02-20 11:43:34',0),(152,10,3,1,'admin','2017-02-20 11:43:29','admin','2017-02-20 11:43:34',0),(153,10,4,1,'admin','2017-02-20 11:43:29','admin','2017-02-20 11:43:34',0),(154,10,5,1,'admin','2017-02-20 11:43:29','admin','2017-02-20 11:43:34',0),(155,10,6,NULL,'admin','2017-02-20 11:43:29','admin','2017-02-20 11:43:34',0),(156,10,7,NULL,'admin','2017-02-20 11:43:29','admin','2017-02-20 11:43:34',0),(157,10,8,NULL,'admin','2017-02-20 11:43:29','admin','2017-02-20 11:43:34',0),(158,10,9,NULL,'admin','2017-02-20 11:43:29','admin','2017-02-20 11:43:34',0),(159,10,10,NULL,'admin','2017-02-20 11:43:29','admin','2017-02-20 11:43:34',0),(160,10,11,NULL,'admin','2017-02-20 11:43:29','admin','2017-02-20 11:43:34',0),(161,10,18,NULL,'admin','2017-02-20 11:43:29','admin','2017-02-20 11:43:34',0),(162,10,19,NULL,'admin','2017-02-20 11:43:29','admin','2017-02-20 11:43:34',0),(163,10,12,NULL,'admin','2017-02-20 11:43:29','admin','2017-02-20 11:43:34',0),(164,10,13,1,'admin','2017-02-20 11:43:29','admin','2017-02-20 11:43:34',0),(165,10,14,NULL,'admin','2017-02-20 11:43:29','admin','2017-02-20 11:43:34',0),(166,10,15,NULL,'admin','2017-02-20 11:43:29','admin','2017-02-20 11:43:34',0),(167,10,16,NULL,'admin','2017-02-20 11:43:29','admin','2017-02-20 11:43:34',0),(168,10,17,NULL,'admin','2017-02-20 11:43:29','admin','2017-02-20 11:43:34',0),(169,10,1,NULL,'admin','2017-02-20 11:43:34','',NULL,1),(170,10,2,1,'admin','2017-02-20 11:43:34','',NULL,1),(171,10,3,1,'admin','2017-02-20 11:43:34','',NULL,1),(172,10,4,1,'admin','2017-02-20 11:43:34','',NULL,1),(173,10,5,1,'admin','2017-02-20 11:43:34','',NULL,1),(174,10,6,NULL,'admin','2017-02-20 11:43:34','',NULL,1),(175,10,7,NULL,'admin','2017-02-20 11:43:34','',NULL,1),(176,10,8,NULL,'admin','2017-02-20 11:43:34','',NULL,1),(177,10,9,NULL,'admin','2017-02-20 11:43:34','',NULL,1),(178,10,10,NULL,'admin','2017-02-20 11:43:34','',NULL,1),(179,10,11,NULL,'admin','2017-02-20 11:43:34','',NULL,1),(180,10,18,NULL,'admin','2017-02-20 11:43:34','',NULL,1),(181,10,19,NULL,'admin','2017-02-20 11:43:34','',NULL,1),(182,10,12,NULL,'admin','2017-02-20 11:43:34','',NULL,1),(183,10,13,1,'admin','2017-02-20 11:43:34','',NULL,1),(184,10,14,NULL,'admin','2017-02-20 11:43:34','',NULL,1),(185,10,15,NULL,'admin','2017-02-20 11:43:34','',NULL,1),(186,10,16,NULL,'admin','2017-02-20 11:43:34','',NULL,1),(187,10,17,NULL,'admin','2017-02-20 11:43:34','',NULL,1),(188,22,1,0,'admin','2017-02-20 11:47:39','admin','2017-02-20 22:32:55',0),(189,22,2,1,'admin','2017-02-20 11:47:39','admin','2017-02-20 22:32:55',0),(190,22,3,1,'admin','2017-02-20 11:47:39','admin','2017-02-20 22:32:55',0),(191,22,4,1,'admin','2017-02-20 11:47:39','admin','2017-02-20 22:32:55',0),(192,22,5,1,'admin','2017-02-20 11:47:39','admin','2017-02-20 22:32:55',0),(193,22,6,NULL,'admin','2017-02-20 11:47:39','admin','2017-02-20 22:32:55',0),(194,22,7,NULL,'admin','2017-02-20 11:47:39','admin','2017-02-20 22:32:55',0),(195,22,8,NULL,'admin','2017-02-20 11:47:39','admin','2017-02-20 22:32:55',0),(196,22,9,NULL,'admin','2017-02-20 11:47:39','admin','2017-02-20 22:32:55',0),(197,22,10,NULL,'admin','2017-02-20 11:47:39','admin','2017-02-20 22:32:55',0),(198,22,11,NULL,'admin','2017-02-20 11:47:39','admin','2017-02-20 22:32:55',0),(199,22,18,NULL,'admin','2017-02-20 11:47:39','admin','2017-02-20 22:32:55',0),(200,22,19,NULL,'admin','2017-02-20 11:47:39','admin','2017-02-20 22:32:55',0),(201,22,12,NULL,'admin','2017-02-20 11:47:39','admin','2017-02-20 22:32:55',0),(202,22,13,1,'admin','2017-02-20 11:47:39','admin','2017-02-20 22:32:55',0),(203,22,14,NULL,'admin','2017-02-20 11:47:39','admin','2017-02-20 22:32:55',0),(204,22,15,NULL,'admin','2017-02-20 11:47:39','admin','2017-02-20 22:32:55',0),(205,22,16,NULL,'admin','2017-02-20 11:47:39','admin','2017-02-20 22:32:55',0),(206,22,17,NULL,'admin','2017-02-20 11:47:39','admin','2017-02-20 22:32:55',0),(207,22,1,0,'admin','2017-02-20 11:47:42','admin','2017-02-20 22:32:55',0),(208,22,2,1,'admin','2017-02-20 11:47:42','admin','2017-02-20 22:32:55',0),(209,22,3,1,'admin','2017-02-20 11:47:42','admin','2017-02-20 22:32:55',0),(210,22,4,1,'admin','2017-02-20 11:47:42','admin','2017-02-20 22:32:55',0),(211,22,5,1,'admin','2017-02-20 11:47:42','admin','2017-02-20 22:32:55',0),(212,22,6,NULL,'admin','2017-02-20 11:47:42','admin','2017-02-20 22:32:55',0),(213,22,7,NULL,'admin','2017-02-20 11:47:42','admin','2017-02-20 22:32:55',0),(214,22,8,NULL,'admin','2017-02-20 11:47:42','admin','2017-02-20 22:32:55',0),(215,22,9,NULL,'admin','2017-02-20 11:47:42','admin','2017-02-20 22:32:55',0),(216,22,10,NULL,'admin','2017-02-20 11:47:42','admin','2017-02-20 22:32:55',0),(217,22,11,NULL,'admin','2017-02-20 11:47:42','admin','2017-02-20 22:32:55',0),(218,22,18,NULL,'admin','2017-02-20 11:47:42','admin','2017-02-20 22:32:55',0),(219,22,19,NULL,'admin','2017-02-20 11:47:42','admin','2017-02-20 22:32:55',0),(220,22,12,NULL,'admin','2017-02-20 11:47:42','admin','2017-02-20 22:32:55',0),(221,22,13,1,'admin','2017-02-20 11:47:42','admin','2017-02-20 22:32:55',0),(222,22,14,NULL,'admin','2017-02-20 11:47:42','admin','2017-02-20 22:32:55',0),(223,22,15,NULL,'admin','2017-02-20 11:47:42','admin','2017-02-20 22:32:55',0),(224,22,16,NULL,'admin','2017-02-20 11:47:42','admin','2017-02-20 22:32:55',0),(225,22,17,NULL,'admin','2017-02-20 11:47:42','admin','2017-02-20 22:32:55',0),(226,22,1,0,'admin','2017-02-20 22:32:55','',NULL,1),(227,22,2,1,'admin','2017-02-20 22:32:55','',NULL,1),(228,22,3,1,'admin','2017-02-20 22:32:55','',NULL,1),(229,22,4,1,'admin','2017-02-20 22:32:55','',NULL,1),(230,22,5,1,'admin','2017-02-20 22:32:55','',NULL,1),(231,22,6,0,'admin','2017-02-20 22:32:55','',NULL,1),(232,22,7,0,'admin','2017-02-20 22:32:55','',NULL,1),(233,22,8,0,'admin','2017-02-20 22:32:55','',NULL,1),(234,22,9,0,'admin','2017-02-20 22:32:55','',NULL,1),(235,22,10,0,'admin','2017-02-20 22:32:55','',NULL,1),(236,22,11,0,'admin','2017-02-20 22:32:55','',NULL,1),(237,22,18,0,'admin','2017-02-20 22:32:55','',NULL,1),(238,22,19,0,'admin','2017-02-20 22:32:55','',NULL,1),(239,22,12,0,'admin','2017-02-20 22:32:55','',NULL,1),(240,22,13,1,'admin','2017-02-20 22:32:55','',NULL,1),(241,22,14,0,'admin','2017-02-20 22:32:55','',NULL,1),(242,22,15,0,'admin','2017-02-20 22:32:55','',NULL,1),(243,22,16,0,'admin','2017-02-20 22:32:55','',NULL,1),(244,22,17,0,'admin','2017-02-20 22:32:55','',NULL,1),(245,2,1,1,'admin','2017-02-20 23:43:33','',NULL,1),(246,2,2,0,'admin','2017-02-20 23:43:33','',NULL,1),(247,2,3,1,'admin','2017-02-20 23:43:33','',NULL,1),(248,2,4,1,'admin','2017-02-20 23:43:33','',NULL,1),(249,2,5,0,'admin','2017-02-20 23:43:33','',NULL,1),(250,2,6,0,'admin','2017-02-20 23:43:33','',NULL,1),(251,2,7,1,'admin','2017-02-20 23:43:33','',NULL,1),(252,2,8,1,'admin','2017-02-20 23:43:33','',NULL,1),(253,2,9,0,'admin','2017-02-20 23:43:33','',NULL,1),(254,2,10,1,'admin','2017-02-20 23:43:33','',NULL,1),(255,2,11,1,'admin','2017-02-20 23:43:33','',NULL,1),(256,2,18,0,'admin','2017-02-20 23:43:33','',NULL,1),(257,2,19,0,'admin','2017-02-20 23:43:33','',NULL,1),(258,2,12,1,'admin','2017-02-20 23:43:33','',NULL,1),(259,2,13,1,'admin','2017-02-20 23:43:33','',NULL,1),(260,2,14,1,'admin','2017-02-20 23:43:33','',NULL,1),(261,2,15,1,'admin','2017-02-20 23:43:33','',NULL,1),(262,2,16,0,'admin','2017-02-20 23:43:33','',NULL,1),(263,2,17,0,'admin','2017-02-20 23:43:33','',NULL,1),(264,1,1,1,'admin','2017-02-21 00:17:14','',NULL,1),(265,1,2,1,'admin','2017-02-21 00:17:14','',NULL,1),(266,1,3,1,'admin','2017-02-21 00:17:14','',NULL,1),(267,1,4,0,'admin','2017-02-21 00:17:14','',NULL,1),(268,1,5,0,'admin','2017-02-21 00:17:14','',NULL,1),(269,1,6,0,'admin','2017-02-21 00:17:14','',NULL,1),(270,1,7,0,'admin','2017-02-21 00:17:14','',NULL,1),(271,1,8,0,'admin','2017-02-21 00:17:14','',NULL,1),(272,1,9,0,'admin','2017-02-21 00:17:14','',NULL,1),(273,1,10,0,'admin','2017-02-21 00:17:14','',NULL,1),(274,1,11,0,'admin','2017-02-21 00:17:14','',NULL,1),(275,1,18,0,'admin','2017-02-21 00:17:14','',NULL,1),(276,1,19,0,'admin','2017-02-21 00:17:14','',NULL,1),(277,1,12,0,'admin','2017-02-21 00:17:14','',NULL,1),(278,1,13,0,'admin','2017-02-21 00:17:14','',NULL,1),(279,1,14,1,'admin','2017-02-21 00:17:14','',NULL,1),(280,1,15,0,'admin','2017-02-21 00:17:14','',NULL,1),(281,1,16,0,'admin','2017-02-21 00:17:14','',NULL,1),(282,1,17,0,'admin','2017-02-21 00:17:14','',NULL,1),(283,15,1,1,'admin','2017-02-21 04:16:29','admin','2017-02-21 04:24:59',0),(284,15,2,0,'admin','2017-02-21 04:16:29','admin','2017-02-21 04:24:59',0),(285,15,3,1,'admin','2017-02-21 04:16:29','admin','2017-02-21 04:24:59',0),(286,15,4,1,'admin','2017-02-21 04:16:29','admin','2017-02-21 04:24:59',0),(287,15,5,NULL,'admin','2017-02-21 04:16:29','admin','2017-02-21 04:24:59',0),(288,15,6,NULL,'admin','2017-02-21 04:16:29','admin','2017-02-21 04:24:59',0),(289,15,7,NULL,'admin','2017-02-21 04:16:29','admin','2017-02-21 04:24:59',0),(290,15,8,NULL,'admin','2017-02-21 04:16:29','admin','2017-02-21 04:24:59',0),(291,15,9,NULL,'admin','2017-02-21 04:16:29','admin','2017-02-21 04:24:59',0),(292,15,10,NULL,'admin','2017-02-21 04:16:29','admin','2017-02-21 04:24:59',0),(293,15,11,NULL,'admin','2017-02-21 04:16:29','admin','2017-02-21 04:24:59',0),(294,15,18,NULL,'admin','2017-02-21 04:16:29','admin','2017-02-21 04:24:59',0),(295,15,19,NULL,'admin','2017-02-21 04:16:29','admin','2017-02-21 04:24:59',0),(296,15,12,NULL,'admin','2017-02-21 04:16:29','admin','2017-02-21 04:24:59',0),(297,15,13,NULL,'admin','2017-02-21 04:16:29','admin','2017-02-21 04:24:59',0),(298,15,14,NULL,'admin','2017-02-21 04:16:29','admin','2017-02-21 04:24:59',0),(299,15,15,NULL,'admin','2017-02-21 04:16:29','admin','2017-02-21 04:24:59',0),(300,15,16,NULL,'admin','2017-02-21 04:16:29','admin','2017-02-21 04:24:59',0),(301,15,17,NULL,'admin','2017-02-21 04:16:29','admin','2017-02-21 04:24:59',0),(302,15,1,1,'admin','2017-02-21 04:24:22','admin','2017-02-21 04:24:59',0),(303,15,2,0,'admin','2017-02-21 04:24:22','admin','2017-02-21 04:24:59',0),(304,15,3,1,'admin','2017-02-21 04:24:22','admin','2017-02-21 04:24:59',0),(305,15,4,1,'admin','2017-02-21 04:24:22','admin','2017-02-21 04:24:59',0),(306,15,5,1,'admin','2017-02-21 04:24:22','admin','2017-02-21 04:24:59',0),(307,15,6,0,'admin','2017-02-21 04:24:22','admin','2017-02-21 04:24:59',0),(308,15,7,1,'admin','2017-02-21 04:24:22','admin','2017-02-21 04:24:59',0),(309,15,8,1,'admin','2017-02-21 04:24:22','admin','2017-02-21 04:24:59',0),(310,15,9,1,'admin','2017-02-21 04:24:22','admin','2017-02-21 04:24:59',0),(311,15,10,1,'admin','2017-02-21 04:24:22','admin','2017-02-21 04:24:59',0),(312,15,11,0,'admin','2017-02-21 04:24:22','admin','2017-02-21 04:24:59',0),(313,15,18,0,'admin','2017-02-21 04:24:22','admin','2017-02-21 04:24:59',0),(314,15,19,0,'admin','2017-02-21 04:24:22','admin','2017-02-21 04:24:59',0),(315,15,12,1,'admin','2017-02-21 04:24:22','admin','2017-02-21 04:24:59',0),(316,15,13,1,'admin','2017-02-21 04:24:22','admin','2017-02-21 04:24:59',0),(317,15,14,1,'admin','2017-02-21 04:24:22','admin','2017-02-21 04:24:59',0),(318,15,15,1,'admin','2017-02-21 04:24:22','admin','2017-02-21 04:24:59',0),(319,15,16,0,'admin','2017-02-21 04:24:22','admin','2017-02-21 04:24:59',0),(320,15,17,1,'admin','2017-02-21 04:24:22','admin','2017-02-21 04:24:59',0),(321,15,1,1,'admin','2017-02-21 04:24:59','',NULL,1),(322,15,2,0,'admin','2017-02-21 04:24:59','',NULL,1),(323,15,3,1,'admin','2017-02-21 04:24:59','',NULL,1),(324,15,4,1,'admin','2017-02-21 04:24:59','',NULL,1),(325,15,5,1,'admin','2017-02-21 04:24:59','',NULL,1),(326,15,6,0,'admin','2017-02-21 04:24:59','',NULL,1),(327,15,7,1,'admin','2017-02-21 04:24:59','',NULL,1),(328,15,8,1,'admin','2017-02-21 04:24:59','',NULL,1),(329,15,9,1,'admin','2017-02-21 04:24:59','',NULL,1),(330,15,10,1,'admin','2017-02-21 04:24:59','',NULL,1),(331,15,11,0,'admin','2017-02-21 04:24:59','',NULL,1),(332,15,18,0,'admin','2017-02-21 04:24:59','',NULL,1),(333,15,19,0,'admin','2017-02-21 04:24:59','',NULL,1),(334,15,12,1,'admin','2017-02-21 04:24:59','',NULL,1),(335,15,13,1,'admin','2017-02-21 04:24:59','',NULL,1),(336,15,14,1,'admin','2017-02-21 04:24:59','',NULL,1),(337,15,15,1,'admin','2017-02-21 04:24:59','',NULL,1),(338,15,16,0,'admin','2017-02-21 04:24:59','',NULL,1),(339,15,17,1,'admin','2017-02-21 04:24:59','',NULL,1);
/*!40000 ALTER TABLE `cuestionario_siso` ENABLE KEYS */;
UNLOCK TABLES;

--
-- Table structure for table `empresa`
--

DROP TABLE IF EXISTS `empresa`;
/*!40101 SET @saved_cs_client     = @@character_set_client */;
/*!40101 SET character_set_client = utf8 */;
CREATE TABLE `empresa` (
  `id` int(11) unsigned NOT NULL AUTO_INCREMENT,
  `codigo` varchar(250) DEFAULT NULL,
  `razon_social` varchar(250) DEFAULT NULL,
  `ruc` varchar(12) DEFAULT NULL,
  `direccion` varchar(250) DEFAULT NULL,
  `telefono` varchar(12) DEFAULT NULL,
  `usuario_creado` varchar(250) NOT NULL,
  `fecha_creado` datetime DEFAULT NULL,
  `usuario_modificado` varchar(250) NOT NULL,
  `fecha_modificado` datetime DEFAULT NULL,
  `estado` tinyint(1) NOT NULL DEFAULT '1',
  PRIMARY KEY (`id`)
) ENGINE=InnoDB AUTO_INCREMENT=5 DEFAULT CHARSET=utf8;
/*!40101 SET character_set_client = @saved_cs_client */;

--
-- Dumping data for table `empresa`
--

LOCK TABLES `empresa` WRITE;
/*!40000 ALTER TABLE `empresa` DISABLE KEYS */;
INSERT INTO `empresa` VALUES (1,'EMP','EmpresaCool','11111111111','1111','1111','','2017-02-04 22:04:11','','2017-02-04 22:04:11',1),(2,'EMP2','CSG_3','12312312333','por ahi','54656354654','','2017-02-04 22:04:11','','2017-02-04 22:04:11',1),(3,'EMP3','asdfasd','34232321234','dsfsdf','fdf44','','2017-02-04 22:04:11','','2017-02-04 22:04:11',1),(4,'EMP4','Bakus','44444555569','callao','12346','admin','2017-02-05 09:32:39','admin','2017-02-05 09:38:01',0);
/*!40000 ALTER TABLE `empresa` ENABLE KEYS */;
UNLOCK TABLES;

--
-- Table structure for table `local`
--

DROP TABLE IF EXISTS `local`;
/*!40101 SET @saved_cs_client     = @@character_set_client */;
/*!40101 SET character_set_client = utf8 */;
CREATE TABLE `local` (
  `id` int(11) unsigned NOT NULL AUTO_INCREMENT,
  `id_empresa` int(11) NOT NULL,
  `nombre` varchar(250) DEFAULT NULL,
  `direccion` varchar(250) DEFAULT NULL,
  `encargado` varchar(250) DEFAULT NULL,
  `telefono` varchar(12) DEFAULT NULL,
  `email` varchar(250) DEFAULT NULL,
  `usuario_creado` varchar(250) NOT NULL,
  `fecha_creado` datetime DEFAULT NULL,
  `usuario_modificado` varchar(250) NOT NULL,
  `fecha_modificado` datetime DEFAULT NULL,
  `estado` tinyint(1) NOT NULL DEFAULT '1',
  PRIMARY KEY (`id`)
) ENGINE=InnoDB AUTO_INCREMENT=5 DEFAULT CHARSET=utf8;
/*!40101 SET character_set_client = @saved_cs_client */;

--
-- Dumping data for table `local`
--

LOCK TABLES `local` WRITE;
/*!40000 ALTER TABLE `local` DISABLE KEYS */;
INSERT INTO `local` VALUES (1,1,'Huachipa','sdfasdf','dfsdf','dsfsdf','sdfsdf','','2017-02-04 22:06:21','','2017-02-04 22:06:21',1),(2,1,'Lima','asdfasd','erever','565','dfsdfs','','2017-02-04 22:06:21','','2017-02-04 22:06:21',1),(3,2,'Surco','Surco','Tiburcio','243234234','tiburcio@sdfsdf.cc','','2017-02-04 22:06:21','','2017-02-04 22:06:21',1),(4,1,'aaa','aaa','aa','aaa','aaa@aaa.com','admin','2017-02-05 09:43:15','admin','2017-02-05 09:44:39',0);
/*!40000 ALTER TABLE `local` ENABLE KEYS */;
UNLOCK TABLES;

--
-- Table structure for table `permisos`
--

DROP TABLE IF EXISTS `permisos`;
/*!40101 SET @saved_cs_client     = @@character_set_client */;
/*!40101 SET character_set_client = utf8 */;
CREATE TABLE `permisos` (
  `id` int(11) unsigned NOT NULL AUTO_INCREMENT,
  `nombre` varchar(250) DEFAULT NULL,
  `base_url` text,
  PRIMARY KEY (`id`)
) ENGINE=InnoDB AUTO_INCREMENT=13 DEFAULT CHARSET=utf8;
/*!40101 SET character_set_client = @saved_cs_client */;

--
-- Dumping data for table `permisos`
--

LOCK TABLES `permisos` WRITE;
/*!40000 ALTER TABLE `permisos` DISABLE KEYS */;
INSERT INTO `permisos` VALUES (1,'Mant. Puestos de trabajo','puestos'),(2,'Importar personal SAP','personal'),(3,'Mant. Empresa','empresa'),(4,'Mant. Local','local'),(5,'Mant. Area','area'),(6,'Evaluacion EVA-ERIN','evaerin'),(7,'Evaluacion Siso','siso'),(8,'Evaluacion Fedd','fedd'),(9,'Reporte interno','reporte'),(10,'Mant. Roles','rol'),(11,'Mant. Usuario','usuario'),(12,'Configuracion Siso','siso/configuracion');
/*!40000 ALTER TABLE `permisos` ENABLE KEYS */;
UNLOCK TABLES;

--
-- Table structure for table `personal`
--

DROP TABLE IF EXISTS `personal`;
/*!40101 SET @saved_cs_client     = @@character_set_client */;
/*!40101 SET character_set_client = utf8 */;
CREATE TABLE `personal` (
  `id` int(11) NOT NULL AUTO_INCREMENT,
  `planilla` varchar(45) DEFAULT NULL,
  `codigo_sap` varchar(45) DEFAULT NULL,
  `fecha_ingreso` date DEFAULT NULL,
  `nombres_trabajador` varchar(200) DEFAULT NULL,
  `apellidos_trabajador` varchar(200) DEFAULT NULL,
  `regimen` varchar(100) DEFAULT NULL,
  `sede` varchar(100) DEFAULT NULL,
  `denominacion_sap` varchar(100) DEFAULT NULL,
  `area` varchar(100) DEFAULT NULL,
  `fecha_nacimiento` date DEFAULT NULL,
  `sexo` enum('M','F') DEFAULT NULL,
  `anos_res_jubilacion` int(11) DEFAULT NULL,
  `ano_jubilacion` int(11) DEFAULT NULL,
  `dni` int(11) DEFAULT NULL,
  `codigo_trabajador` varchar(45) DEFAULT NULL,
  `gerencia` varchar(45) DEFAULT NULL,
  PRIMARY KEY (`id`)
) ENGINE=InnoDB AUTO_INCREMENT=52 DEFAULT CHARSET=latin1;
/*!40101 SET character_set_client = @saved_cs_client */;

--
-- Dumping data for table `personal`
--

LOCK TABLES `personal` WRITE;
/*!40000 ALTER TABLE `personal` DISABLE KEYS */;
INSERT INTO `personal` VALUES (1,'AU','30011102','0000-00-00','MANRIQUE BARQUERO PAUL MANUEL','EMPLEADO','PLANTA AREQUIPA','AUXILIAR DE CONTROL DE CALIDAD','Calidad AQP',NULL,NULL,NULL,NULL,NULL,NULL,NULL,NULL),(2,'AU','30012673','0000-00-00','ASTORGA GONZALES TERESA LIZBETH','EMPLEADO','PLANTA AREQUIPA','INSPECTOR CONTROL DE CALIDAD','Calidad AQP',NULL,NULL,NULL,NULL,NULL,NULL,NULL,NULL),(3,'LU','30016435','0000-00-00','BARREDA CHOQUE EDUARDO MANUEL','EMPLEADO','PLANTA AREQUIPA','ASESOR TECNICO DE CAMPO','Campo',NULL,NULL,NULL,NULL,NULL,NULL,NULL,NULL),(4,'AU','30015652','0000-00-00','SANCHEZ ZEGARRA ALEXANDRA','EMPLEADO','PLANTA AREQUIPA','ASISTENTE DE PRODUCCION','Condensería AQP',NULL,NULL,NULL,NULL,NULL,NULL,NULL,NULL),(5,'AU','30002077','0000-00-00','HERRERA LINARES CARLOS FREDY','EMPLEADO','PLANTA AREQUIPA','PESADOR','Condensería AQP',NULL,NULL,NULL,NULL,NULL,NULL,NULL,NULL),(6,'AU','30002076','0000-00-00','FLORES ALCAZAR LESMES TEOFILO','EMPLEADO','PLANTA AREQUIPA','SUPERVISOR DE TURNO','Condensería AQP',NULL,NULL,NULL,NULL,NULL,NULL,NULL,NULL),(7,'AU','30002504','0000-00-00','ANDRADE MIMBELA JUAN CARLOS','EMPLEADO','PLANTA AREQUIPA','SUPERVISOR SENIOR','Condensería AQP',NULL,NULL,NULL,NULL,NULL,NULL,NULL,NULL),(8,'AU','30004252','0000-00-00','ALEJO RIVERA WILLY NICOLAS','EMPLEADO','PLANTA AREQUIPA','TECNICO DE ELABORACION','Condensería AQP',NULL,NULL,NULL,NULL,NULL,NULL,NULL,NULL),(9,'AU','30026301','0000-00-00','CACERES ARENAS DORA PIERINA','EMPLEADO','PLANTA AREQUIPA','TECNICO DE LABORATORIO','Condensería AQP',NULL,NULL,NULL,NULL,NULL,NULL,NULL,NULL),(10,'AU','30002083','0000-00-00','BOLAÑOS ARROSPIDE JULIAN RICARDO','FUNCIONARIOS','PLANTA AREQUIPA','JEFE DE PRODUCCION CONDENSERIA','Condensería AQP',NULL,NULL,NULL,NULL,NULL,NULL,NULL,NULL),(11,'AU','30002080','0000-00-00','CANAZA QUILLA VICENTE','OBRERO','PLANTA AREQUIPA','MONTACARGUISTA','Condensería AQP',NULL,NULL,NULL,NULL,NULL,NULL,NULL,NULL),(12,'AU','30025247','0000-00-00','BEDOYA SALAS SILVIO JESUS','OBRERO','PLANTA AREQUIPA','OPERADOR','Condensería AQP',NULL,NULL,NULL,NULL,NULL,NULL,NULL,NULL),(13,'AU','30031280','0000-00-00','ALVAREZ OSORIO GERARDO','OBRERO','PLANTA AREQUIPA','OPERARIO','Condensería AQP',NULL,NULL,NULL,NULL,NULL,NULL,NULL,NULL),(14,'AU','30010837','0000-00-00','FLORES PALOMINO LUIS RENATO','EMPLEADO','PLANTA AREQUIPA','ALMACENERO PRODUCTOS TERMINADOS','Derivados Lácteos AQP',NULL,NULL,NULL,NULL,NULL,NULL,NULL,NULL),(15,'AU','30004261','0000-00-00','PAREDES DELGADO ALESSANDRO MANUEL','EMPLEADO','PLANTA AREQUIPA','ENCARGADO DE ALMACEN','Derivados Lácteos AQP',NULL,NULL,NULL,NULL,NULL,NULL,NULL,NULL),(16,'AU','30010678','0000-00-00','BUSTINZA FLORES JIMMY DANTE','EMPLEADO','PLANTA AREQUIPA','SUPERVISOR DE TURNO','Derivados Lácteos AQP',NULL,NULL,NULL,NULL,NULL,NULL,NULL,NULL),(17,'AU','30007724','0000-00-00','ROJAS LAVA CARLOS ALFONSO','FUNCIONARIOS','PLANTA AREQUIPA','JEFE DE PRODUCCION DL AREQUIPA','Derivados Lácteos AQP',NULL,NULL,NULL,NULL,NULL,NULL,NULL,NULL),(18,'AU','30012871','0000-00-00','ALVAREZ MAMANI LUIS  ALBERTO','OBRERO','PLANTA AREQUIPA','OPERADOR','Derivados Lácteos AQP',NULL,NULL,NULL,NULL,NULL,NULL,NULL,NULL),(19,'AU','30000324','0000-00-00','YUCRA PADILLA RONALD BERLY','OBRERO','PLANTA AREQUIPA','OPERADOR SENIOR','Derivados Lácteos AQP',NULL,NULL,NULL,NULL,NULL,NULL,NULL,NULL),(20,'AU','30027427','0000-00-00','CHAMBI DE COPA LOURDES MAXIMA','OBRERO','PLANTA AREQUIPA','OPERARIO','Derivados Lácteos AQP',NULL,NULL,NULL,NULL,NULL,NULL,NULL,NULL),(21,'AU','30028481','0000-00-00','VILLEGAS URETA MAXIMO','EMPLEADO','PLANTA AREQUIPA','SUPERVISOR','Fábrica de Envases AQP',NULL,NULL,NULL,NULL,NULL,NULL,NULL,NULL),(22,'AU','30030615','0000-00-00','MENDOZA ESCOBEDO ALEXANDER','EMPLEADO','PLANTA AREQUIPA','SUPERVISOR DE TURNO','Fábrica de Envases AQP',NULL,NULL,NULL,NULL,NULL,NULL,NULL,NULL),(23,'AU','30016660','0000-00-00','ACO CHIRINOS DANIEL JESUS','OBRERO','PLANTA AREQUIPA','OPERADOR','Fábrica de Envases AQP',NULL,NULL,NULL,NULL,NULL,NULL,NULL,NULL),(24,'AU','30016728','0000-00-00','QUISPE VILCA DIEGO JESUS','OBRERO','PLANTA AREQUIPA','OPERARIO','Fábrica de Envases AQP',NULL,NULL,NULL,NULL,NULL,NULL,NULL,NULL),(25,'AU','30013410','0000-00-00','MAMANI LAQUISE HUGO ARMANDO','EMPLEADO','PLANTA AREQUIPA','ASISTENTE DE ALMACEN','Logística AQP',NULL,NULL,NULL,NULL,NULL,NULL,NULL,NULL),(26,'AU','30002088','0000-00-00','AMANQUI HUANCA SANTIAGO','EMPLEADO','PLANTA AREQUIPA','AUXILIAR DE ALMACEN','Logística AQP',NULL,NULL,NULL,NULL,NULL,NULL,NULL,NULL),(27,'AU','30002089','0000-00-00','MARQUEZ JUAREZ MARIO EDUARDO','EMPLEADO','PLANTA AREQUIPA','RECEPCIONISTA','Logística AQP',NULL,NULL,NULL,NULL,NULL,NULL,NULL,NULL),(28,'AU','30010376','0000-00-00','BARRIGA GALLEGOS GORKY LEONEL','EMPLEADO','PLANTA AREQUIPA','SUPERVISOR DE ALMACEN','Logística AQP',NULL,NULL,NULL,NULL,NULL,NULL,NULL,NULL),(29,'AU','30014568','0000-00-00','PONCE ORELLANA ERICK MATEO','EMPLEADO','PLANTA AREQUIPA','SUPERVISOR DE MANTENIMIENTO','Mantenimiento AQP',NULL,NULL,NULL,NULL,NULL,NULL,NULL,NULL),(30,'AU','30004522','0000-00-00','MONTALVO DIAZ PAUL LARRY','EMPLEADO','PLANTA AREQUIPA','SUPERVISOR DE MANTENIMIENTO VEHICULOS','Mantenimiento AQP',NULL,NULL,NULL,NULL,NULL,NULL,NULL,NULL),(31,'AU','30015734','0000-00-00','DAVILA MORALES MANUEL ALEJANDRO','EMPLEADO','PLANTA AREQUIPA','SUPERVISOR ELECTRICO','Mantenimiento AQP',NULL,NULL,NULL,NULL,NULL,NULL,NULL,NULL),(32,'AU','30029518','0000-00-00','HUAJE FLORES JORGE ANGEL','EMPLEADO','PLANTA AREQUIPA','SUPERVISOR MECANICO','Mantenimiento AQP',NULL,NULL,NULL,NULL,NULL,NULL,NULL,NULL),(33,'AU','30015653','0000-00-00','ZUÑIGA NAVARRO WALTER JAIME','EMPLEADO','PLANTA AREQUIPA','TECNICO DE AUTOMATIZACION','Mantenimiento AQP',NULL,NULL,NULL,NULL,NULL,NULL,NULL,NULL),(34,'AU','30000780','0000-00-00','CONDORI TINTAYA WALTER EUSEBIO','EMPLEADO','PLANTA AREQUIPA','TECNICO INSTRUMENTISTA','Mantenimiento AQP',NULL,NULL,NULL,NULL,NULL,NULL,NULL,NULL),(35,'AU','30006850','0000-00-00','VALDIVIA BARRIGA GIANCARLO ALBERTO','EMPLEADO','PLANTA AREQUIPA','TECNICO PREDICTIVO','Mantenimiento AQP',NULL,NULL,NULL,NULL,NULL,NULL,NULL,NULL),(36,'AU','30014105','0000-00-00','TEJADA LOZANO RONALD AUGUSTO','FUNCIONARIOS','PLANTA AREQUIPA','COORDINADOR DE MANTENIMIENTO','Mantenimiento AQP',NULL,NULL,NULL,NULL,NULL,NULL,NULL,NULL),(37,'AU','30032221','0000-00-00','TORRES CONDORI NESTOR MARTIN','OBRERO','PLANTA AREQUIPA','ELECTRICISCTA ELECTRONICO','Mantenimiento AQP',NULL,NULL,NULL,NULL,NULL,NULL,NULL,NULL),(38,'AU','30030727','0000-00-00','CASTRO CASTILLO FRANK MICHAEL','OBRERO','PLANTA AREQUIPA','ELECTRICISTA ELECTRONICO','Mantenimiento AQP',NULL,NULL,NULL,NULL,NULL,NULL,NULL,NULL),(39,'AU','30015351','0000-00-00','CADILLO ORTIZ ROMULO YUSHONY','OBRERO','PLANTA AREQUIPA','MECANICO','Mantenimiento AQP',NULL,NULL,NULL,NULL,NULL,NULL,NULL,NULL),(40,'AU','30004525','0000-00-00','ALCAZAR CALDERON MARTIN TEODOCIO','OBRERO','PLANTA AREQUIPA','OPERADOR','Mantenimiento AQP',NULL,NULL,NULL,NULL,NULL,NULL,NULL,NULL),(41,'AU','30000144','0000-00-00','ZEGARRA YABAR CHARLIE JUAN','EMPLEADO','PLANTA AREQUIPA','SUPERVISOR DE PROYECTOS','Proyectos',NULL,NULL,NULL,NULL,NULL,NULL,NULL,NULL),(42,'AU','30015733','0000-00-00','HUERTAS SORIA GERSON ALBERTO','FUNCIONARIOS','PLANTA AREQUIPA','INGENIERO DE PROYECTOS','Proyectos',NULL,NULL,NULL,NULL,NULL,NULL,NULL,NULL),(43,'LU','30032645','0000-00-00','CHUQUILIN MEDINA RONALD ENRIQUE','EMPLEADO','PLANTA CAJAMARC','INSPECTOR CONTROL DE CALIDAD','Calidad LIM',NULL,NULL,NULL,NULL,NULL,NULL,NULL,NULL),(44,'LU','30009419','0000-00-00','RAMOS PAEZ PERCY OSWALDO','EMPLEADO','PLANTA CAJAMARC','ADMINISTRADOR TECNICO DE CAMPO','Planta Cajamarca',NULL,NULL,NULL,NULL,NULL,NULL,NULL,NULL),(45,'LU','30002661','0000-00-00','QUINDE HUAYGUA AUGUSTO LAURENS','EMPLEADO','PLANTA CAJAMARC','ALMACENERO','Planta Cajamarca',NULL,NULL,NULL,NULL,NULL,NULL,NULL,NULL),(46,'LU','30012745','0000-00-00','DELGADO HORNA HEBER ELI','EMPLEADO','PLANTA CAJAMARC','ASESOR TECNICO DE CAMPO','Planta Cajamarca',NULL,NULL,NULL,NULL,NULL,NULL,NULL,NULL),(47,'LU','30000732','0000-00-00','ORUNA ABANTO WILLIAM ROGER','EMPLEADO','PLANTA CAJAMARC','ASISTENTE DE MANTENIMIENTO','Planta Cajamarca',NULL,NULL,NULL,NULL,NULL,NULL,NULL,NULL),(48,'LU','30000194','0000-00-00','CACHI ALCANTARA SEGUNDO MARCELINO','EMPLEADO','PLANTA CAJAMARC','AUXILIAR DE ALMACEN','Planta Cajamarca',NULL,NULL,NULL,NULL,NULL,NULL,NULL,NULL),(49,'LU','30000892','0000-00-00','FLORES PEREZ LUIS ORLANDO','EMPLEADO','PLANTA CAJAMARC','JEFE DE MANTENIMIENTO','Planta Cajamarca',NULL,NULL,NULL,NULL,NULL,NULL,NULL,NULL),(50,'LU','30000193','0000-00-00','VILCHEZ CERDAN TEODORO','EMPLEADO','PLANTA CAJAMARC','JEFE DE TALLER','Planta Cajamarca',NULL,NULL,NULL,NULL,NULL,NULL,NULL,NULL),(51,'99999','qwerty','1992-11-29','jorge jair','nunez solis','12','13','4','Desarrollo','1992-11-29','M',30,2500,73332718,'76985464','Operaciones');
/*!40000 ALTER TABLE `personal` ENABLE KEYS */;
UNLOCK TABLES;

--
-- Table structure for table `pregunta_siso`
--

DROP TABLE IF EXISTS `pregunta_siso`;
/*!40101 SET @saved_cs_client     = @@character_set_client */;
/*!40101 SET character_set_client = utf8 */;
CREATE TABLE `pregunta_siso` (
  `id` int(11) unsigned NOT NULL AUTO_INCREMENT,
  `pregunuta` varchar(250) DEFAULT NULL,
  `grupo` varchar(250) DEFAULT NULL,
  `tipo_riesgo` varchar(250) DEFAULT NULL,
  `valor_s_visual` int(11) DEFAULT NULL,
  `valor_s_auditivo` int(11) DEFAULT NULL,
  `valor_m_ext_inferior` int(11) DEFAULT NULL,
  `valor_m_ext_superior` int(11) DEFAULT NULL,
  `valor_m_intelectual` int(11) DEFAULT NULL,
  `valor_m_psicosocial` int(11) DEFAULT NULL,
  PRIMARY KEY (`id`)
) ENGINE=InnoDB AUTO_INCREMENT=20 DEFAULT CHARSET=utf8;
/*!40101 SET character_set_client = @saved_cs_client */;

--
-- Dumping data for table `pregunta_siso`
--

LOCK TABLES `pregunta_siso` WRITE;
/*!40000 ALTER TABLE `pregunta_siso` DISABLE KEYS */;
INSERT INTO `pregunta_siso` VALUES (1,'Se realiza alguna tarea por encima de 1.80m, o dentro de un espacio confinado (accesos restringidos), o trabajos con llamas o chispas?','Seguridad en el puesto de trabajo','Entorno',0,0,0,0,0,0),(2,'Se encuentra por encima del primer piso y se accede mediante escaleras o ascensores?','Seguridad en el puesto de trabajo','Entorno',2,2,0,0,NULL,NULL),(3,'Existen altos niveles de ruido?','Seguridad en el puesto de trabajo','Entorno',NULL,1,NULL,NULL,4,4),(4,'Tiene cambios bruscos de temperatura (calor, frío, humedad)?','Seguridad en el puesto de trabajo','Entorno',NULL,NULL,1,1,NULL,NULL),(5,'El puesto esta expuesto a Radiacion Solar en forma directa?','Seguridad en el puesto de trabajo','Entorno',2,NULL,NULL,NULL,NULL,NULL),(6,'El puesto requiere completar formatos de Analisis de Riesgo (Permisos de Trabajo de Riesgo, AST o ATS, etc)?','Seguridad en el puesto de trabajo','Entorno',0,0,1,1,0,0),(7,'Tienen elementos giratorios o que se desplazan en forma vertical u horizontal?','Seguridad en el puesto de trabajo','Equipos y Herramientas',0,0,0,0,0,NULL),(8,'Esta expuesto a vibraciones debido a Herramientas o Uso de Equipos?','Seguridad en el puesto de trabajo','Equipos y Herramientas',NULL,NULL,0,0,NULL,0),(9,'Cerca al puesto de trabajo circulan vehículos o equipos?','Seguridad en el puesto de trabajo','Equipos y Herramientas',1,0,0,1,0,NULL),(10,'Tiene carcasa de metal y estan alimentados por Energia Electrica?','Seguridad en el puesto de trabajo','Equipos y Herramientas',1,NULL,NULL,0,0,1),(11,'En el puesto de trabajo se manipulan frecuentemente cargas (para levantar, trasladar, posicionar, etc)? ','Seguridad en el puesto de trabajo','Materiales',1,1,0,0,0,1),(12,'Existe peligro vinculado a control de Presión o control de Temperatura en relacion al proceso productivo?','Seguridad en el Proceso','Proceso',1,1,1,1,1,NULL),(13,'Existe peligro vinculado a control de concentracion, proporciones o mezcla de productos químicos en el proceso productivo?','Seguridad en el Proceso','Proceso',1,2,2,1,0,NULL),(14,'El Proceso Productivo es tan crítico que requiere de inspecciones, controles o mantenimientos continuos de equipos o máquinas?','Seguridad en el Proceso','Proceso',0,0,0,0,0,1),(15,'El Proceso Productivo requiere utilizar fuentes de calor con llamas, calderos, reactores o superficies calientes?','Seguridad en el Proceso','Proceso',1,1,1,1,1,0),(16,'El Proceso Productivo se desarrolla en atmosferas explosivas o tóxicas?','Seguridad en el Proceso','Proceso',0,0,0,0,0,0),(17,'Una falla en el proceso productivo puede liberar gases, liquidos o materiales muy toxicos o contaminantes?','Seguridad en el Proceso','Proceso',0,0,0,0,0,0),(18,'Existen cargas suspendidas por encima del puesto de trabajo en algun momento?','Seguridad en el puesto de trabajo','Materiales',1,0,0,2,0,NULL),(19,'Los materiales o insumos que utiliza son peligrosos y/o tóxicos?','Seguridad en el puesto de trabajo','Materiales',0,0,1,1,0,NULL);
/*!40000 ALTER TABLE `pregunta_siso` ENABLE KEYS */;
UNLOCK TABLES;

--
-- Table structure for table `preguntas_doctor`
--

DROP TABLE IF EXISTS `preguntas_doctor`;
/*!40101 SET @saved_cs_client     = @@character_set_client */;
/*!40101 SET character_set_client = utf8 */;
CREATE TABLE `preguntas_doctor` (
  `valor_s_visual_preg` varchar(250) DEFAULT NULL,
  `valor_s_auditivo_preg` varchar(250) DEFAULT NULL,
  `valor_m_ext_inferior_preg` varchar(250) DEFAULT NULL,
  `valor_m_ext_superior_preg` varchar(250) DEFAULT NULL,
  `valor_m_intelectual_preg` varchar(250) DEFAULT NULL,
  `valor_m_psicosocial_preg` varchar(250) DEFAULT NULL
) ENGINE=InnoDB DEFAULT CHARSET=utf8;
/*!40101 SET character_set_client = @saved_cs_client */;

--
-- Dumping data for table `preguntas_doctor`
--

LOCK TABLES `preguntas_doctor` WRITE;
/*!40000 ALTER TABLE `preguntas_doctor` DISABLE KEYS */;
INSERT INTO `preguntas_doctor` VALUES ('Requiere una buena vision lejana, cercana, o discriminar colores para realizar sus tareas? Por que? ','Las tareas exijen que escuchar sonidos especiales o comunicarse en forma frecuente en su puesto de trabajo? Por que?','El puesto requiere estar de pie y/o deambular y/o usar las piernas o pies para cumplir sus funciones? Explicar','El puesto requiere uso de ambos brazos, ambas manos y/o sujetar objetos? Uso de cuello? Giro de la columna?','El puesto requiere tomar decisiones, analizar información, resolver problemas? Explicar','El puesto requiere coordinaciones con otros puestos, clientes, proveedores? Explicar');
/*!40000 ALTER TABLE `preguntas_doctor` ENABLE KEYS */;
UNLOCK TABLES;

--
-- Table structure for table `puesto_trabajo`
--

DROP TABLE IF EXISTS `puesto_trabajo`;
/*!40101 SET @saved_cs_client     = @@character_set_client */;
/*!40101 SET character_set_client = utf8 */;
CREATE TABLE `puesto_trabajo` (
  `id` int(11) unsigned NOT NULL AUTO_INCREMENT,
  `id_local` int(11) NOT NULL,
  `entrevistado_nombre` varchar(250) DEFAULT NULL,
  `entrevistado_puesto` varchar(250) DEFAULT NULL,
  `entrevistado_telefono` varchar(250) DEFAULT NULL,
  `entrevistado_email` varchar(250) DEFAULT NULL,
  `eva_erin_resultado` varchar(250) DEFAULT NULL,
  `eva_erin_observaciones` text,
  `id_cuestionario_siso` int(11) NOT NULL,
  `siso_s_visual` int(11) DEFAULT NULL,
  `siso_s_auditivo` int(11) DEFAULT NULL,
  `siso_m_ext_inferior` int(11) DEFAULT NULL,
  `siso_m_ext_superior` int(11) DEFAULT NULL,
  `siso_m_intelectual` int(11) DEFAULT NULL,
  `siso_m_psicosocial` int(11) DEFAULT NULL,
  `codigo_sabha` varchar(250) DEFAULT NULL,
  `denominacion_sabha` varchar(250) DEFAULT NULL,
  `codigo_mof` varchar(250) DEFAULT NULL,
  `denominacion_mof` varchar(250) DEFAULT NULL,
  `codigo_sap` varchar(250) DEFAULT NULL,
  `denominacion_sap` varchar(250) DEFAULT NULL,
  `otra_denominacion` varchar(250) DEFAULT NULL,
  `id_area` int(11) DEFAULT NULL,
  `id_empresa` int(11) DEFAULT NULL,
  `funcion_principal` mediumtext,
  `s_visual_actividad` mediumtext,
  `s_visual_requerimiento` mediumtext,
  `s_visual_restriccion` mediumtext,
  `s_visual_pre_eval` int(11) DEFAULT NULL,
  `s_auditivo_actividad` mediumtext,
  `s_auditivo_requerimiento` mediumtext,
  `s_auditivo_restriccion` mediumtext,
  `s_auditivo_pre_eval` int(11) DEFAULT NULL,
  `m_ext_inf_actividad` mediumtext,
  `m_ext_inf_requerimiento` mediumtext,
  `m_ext_inf_restriccion` mediumtext,
  `m_ext_inf_pre_eval` int(11) DEFAULT NULL,
  `m_ext_sup_actividad` mediumtext,
  `m_ext_sup_requerimiento` mediumtext,
  `m_ext_sup_restriccion` mediumtext,
  `m_ext_sup_pre_eval` int(11) DEFAULT NULL,
  `m_intelectual_actividad` mediumtext,
  `m_intelectual_requerimiento` mediumtext,
  `m_intelectual_restriccion` mediumtext,
  `m_intelectual_pre_eval` int(11) DEFAULT NULL,
  `m_psicosocial_actividad` mediumtext,
  `m_psicosocial_requerimiento` mediumtext,
  `m_psicosocial_restriccion` mediumtext,
  `m_psicosocial_pre_eval` int(11) DEFAULT NULL,
  `resultado_pt_s_visual` int(11) DEFAULT NULL,
  `resultado_pt_s_auditivo` int(11) DEFAULT NULL,
  `resultado_pt_m_ext_inf` int(11) DEFAULT NULL,
  `resultado_pt_m_ext_sup` int(11) DEFAULT NULL,
  `resultado_pt_m_intelectual` int(11) DEFAULT NULL,
  `resultado_pt_m_psicosocial` int(11) DEFAULT NULL,
  `resultado_final_s_visual` int(11) DEFAULT NULL,
  `resultado_final_s_auditivo` int(11) DEFAULT NULL,
  `resultado_final_m_ext_inf` int(11) DEFAULT NULL,
  `resultado_final_m_ext_sup` int(11) DEFAULT NULL,
  `resultado_final_m_intelectual` int(11) DEFAULT NULL,
  `resultado_final_m_psicosocial` int(11) DEFAULT NULL,
  `es_apto` tinyint(1) DEFAULT NULL,
  `aplica_ajutes` mediumtext,
  `estado_registro` varchar(250) DEFAULT NULL,
  `notas` text,
  `usuario_creado` varchar(250) NOT NULL,
  `fecha_creado` datetime DEFAULT NULL,
  `usuario_modificado` varchar(250) NOT NULL,
  `fecha_modificado` datetime DEFAULT NULL,
  `estado` tinyint(1) NOT NULL DEFAULT '1',
  PRIMARY KEY (`id`),
  UNIQUE KEY `FK_COD_SABHA` (`codigo_sabha`)
) ENGINE=InnoDB AUTO_INCREMENT=58 DEFAULT CHARSET=utf8;
/*!40101 SET character_set_client = @saved_cs_client */;

--
-- Dumping data for table `puesto_trabajo`
--

LOCK TABLES `puesto_trabajo` WRITE;
/*!40000 ALTER TABLE `puesto_trabajo` DISABLE KEYS */;
INSERT INTO `puesto_trabajo` VALUES (1,1,'Tiburcio Gomez','Techero','25485744','tibu@rcio.cc','ROJO','ROJO',0,0,0,0,0,0,0,'01ADMI01','Asistente ','asdas','sdfas','sadfas','swefsd','Techerus Caninus',1,1,'Evaaluador de techos ','asasas','sdsdsd','wewew',1,'asdfasf','qweqwe','eegerg',2,'hfghfgh','fghfgh','fghfgh',3,'rtrtyrty','rtyrtyrty','rtyrtye',1,'iooio','ioioli','ioliol',5,'fghdfghdfgh','dfdfghdfgh','ertertert',0,NULL,NULL,NULL,NULL,NULL,NULL,0,0,0,0,0,0,0,'Rojo','EN_PROCESO','-- sin obs','','2017-02-04 22:25:22','admin','2017-02-21 00:17:14',1),(2,1,'Edilberto Jimenez','Analista Calidad','45645645','edi@jimenez.com','AMARILLO','OK',0,0,0,0,0,0,0,'01ADMI02','Analista Calidad','147852369','Analista Calidad','987456321','Analista Calidad','Analista Calidad',1,1,'Analista Calidad','No requiere','No requiere','No requiere',0,'No requiere','No requiere','No requiere',5,'requiere','requiere','requiere',1,'requiere','requiere','requiere',2,'requiere','requiere','requiere',2,'requiere','requiere','requiere',2,0,0,0,0,0,0,1,1,1,0,1,1,0,'ninguna','OBSERVADO','Analista Calidad','','2017-02-07 01:09:30','admin','2017-02-20 23:43:33',1),(3,1,'Marco Santos Pinedo','Ingeniero de Software','74125896','ggr@fdfdf.cc',NULL,NULL,0,NULL,NULL,NULL,NULL,NULL,NULL,'01SIST01','Ingeniero de Software','','','','','Ingeniero de Software',2,1,'',NULL,NULL,NULL,NULL,NULL,NULL,NULL,NULL,NULL,NULL,NULL,NULL,NULL,NULL,NULL,NULL,NULL,NULL,NULL,NULL,NULL,NULL,NULL,NULL,NULL,NULL,NULL,NULL,NULL,NULL,NULL,NULL,NULL,NULL,NULL,NULL,NULL,NULL,'EN_PROCESO','','admin','2017-02-12 14:21:12','admin','2017-02-12 14:21:12',1),(4,1,'Roberto Chale','Supervisor Fisico','471717','rchale@dc.cc','AMARILLO','Todo no tan OK',0,1,1,0,0,0,4,'01SIST02','Supervisor Fisico','','','','','',2,1,'','ActVisual','ReqVisual','ResVisual',0,'act','req','res',1,'act','req','res',1,'act','req','res',2,'act','req','res',3,'act','req','res',4,0,1,0,0,0,4,2,1,0,0,1,5,0,'','EN_PROCESO','Nuevo','admin','2017-02-12 19:45:39','admin','2017-02-13 06:26:43',1),(5,1,'Jhon Harris Nakowicks','Gerente Comercial','999665333','jhn@jhn.cc',NULL,NULL,0,NULL,NULL,NULL,NULL,NULL,NULL,'01SIST03','Gerente Comercial','','','','','',2,1,'',NULL,NULL,NULL,NULL,NULL,NULL,NULL,NULL,NULL,NULL,NULL,NULL,NULL,NULL,NULL,NULL,NULL,NULL,NULL,NULL,NULL,NULL,NULL,NULL,NULL,NULL,NULL,NULL,NULL,NULL,NULL,NULL,NULL,NULL,NULL,NULL,NULL,NULL,'EN_PROCESO','','admin','2017-02-12 23:20:40','admin','2017-02-13 22:15:20',1),(6,1,'KAREN BARRERA','ASESOR DE CAMPO','747474','karenb@emp.com',NULL,NULL,0,NULL,NULL,NULL,NULL,NULL,NULL,'01ADMI07','JEFE DE SERVICIOS AL GANADERO','','','','JEFE DE SERVICIOS AL GANADERO','',1,1,'Administrar la logística de proyectos de responsabilidad social de mejora de ganadería de proveedores de leche a nivel nacional.','Manejar vehículo (camioneta) asignado por la empresa. ','Manejar vehículo (camioneta) asignado por la empresa. ','Manejar vehículo (camioneta) asignado por la empresa. ',NULL,NULL,NULL,NULL,NULL,NULL,NULL,NULL,NULL,NULL,NULL,NULL,NULL,NULL,NULL,NULL,NULL,NULL,NULL,NULL,NULL,NULL,NULL,NULL,NULL,NULL,NULL,NULL,NULL,NULL,NULL,NULL,NULL,NULL,NULL,'EN_PROCESO','','',NULL,'admin','2017-02-21 01:18:27',1),(8,1,'HUGO BALLÓN','SUPERVISOR DE TURNO','2562584','email@example.com',NULL,NULL,0,NULL,NULL,NULL,NULL,NULL,NULL,'01ADMI03','SUPERVISOR DE TURNO','','','','ASESOR TECNICO','',1,1,'Asesorar técnicamente a la Gerencia de Producción para adquision de equipos, puesta en marcha de proyectos, contacto con proveedores de equipos,venta de materiales, asesora en toda la gestion de la planta; la referida asesoría es no vinculante en la ','Conducir  vehículo (carrito de golf) asignado por la empresa para desplazarse en instalaciones de la Planta. Cumplir con los protocolos de señalización y códigos de colores de seguridad por los desplazamientos efectuados en zona industrial.','Conducir  vehículo (carrito de golf) asignado por la empresa para desplazarse en instalaciones de la Planta. Cumplir con los protocolos de señalización y códigos de colores de seguridad por los desplazamientos efectuados en zona industrial.','Conducir  vehículo (carrito de golf) asignado por la empresa para desplazarse en instalaciones de la Planta. Cumplir con los protocolos de señalización y códigos de colores de seguridad por los desplazamientos efectuados en zona industrial.',NULL,NULL,NULL,NULL,NULL,NULL,NULL,NULL,NULL,NULL,NULL,NULL,NULL,NULL,NULL,NULL,NULL,NULL,NULL,NULL,NULL,NULL,NULL,NULL,NULL,NULL,NULL,NULL,NULL,NULL,NULL,NULL,NULL,NULL,NULL,'OBSERVADO','','',NULL,'fiorella','2017-02-21 01:49:54',1),(10,1,'Jazmin Uehara','Gerente de operaciones','7005148','carolinah@emp.com','AMARILLO','obs 2 de eva-erin ',0,1,1,0,0,0,4,'01ADMI04','Coordinador de proyectos','','','','','',1,1,'Monitorear, coordinaciones en proyectos','act','req','res',2,'act','rew','res',2,'act s','req s','rest s',NULL,'act in','req i','rest i',3,'actm','reqm','resm',3,'act p','req p','rest p',NULL,1,1,0,0,0,4,0,0,0,0,0,0,0,'algunos ajustes','EN_PROCESO','','admin',NULL,'admin','2017-02-21 03:34:51',1),(15,1,'Emily Fernandez','Ingeniero de Soporte','5858775','emily@ff.cc',NULL,NULL,0,0,0,0,0,0,0,'01SIST04','Ingeniero de Soporte II','','','','','',2,1,'',NULL,NULL,NULL,NULL,NULL,NULL,NULL,NULL,NULL,NULL,NULL,NULL,NULL,NULL,NULL,NULL,NULL,NULL,NULL,NULL,NULL,NULL,NULL,NULL,NULL,NULL,NULL,NULL,NULL,NULL,NULL,NULL,NULL,NULL,NULL,NULL,NULL,NULL,'EN_PROCESO','','admin',NULL,'admin','2017-02-21 04:24:59',1),(19,1,'Carlos Parreño','Validador','46548','ca@parreno.cc','VERDE','',0,NULL,NULL,NULL,NULL,NULL,NULL,'01ADMI05','Validador ','','','','','',1,1,'','act','req','res',0,'act','req','res',2,'act','req','res',3,'act','req','res',NULL,'act','req','res',2,'act','req','ress',5,NULL,NULL,NULL,NULL,NULL,NULL,NULL,NULL,NULL,NULL,NULL,NULL,NULL,NULL,'EN_PROCESO','','admin',NULL,'admin','2017-02-21 06:44:49',0),(22,1,'Carolina Herrera','Gerente de operaciones','7905148','carolinah@gmail.com','ROJO','obs eva erin',0,1,1,0,0,0,4,'01ADMI06','Gestor de proyecto','','','','','',1,1,'Gestionar proyectos','a','r','r',2,'a','r','t',1,'a','r','t',2,'a','rt','t',1,'a','r','t',1,'a','r','t',2,1,1,0,0,0,2,0,0,0,0,0,0,0,'algunos ajustes razonables','CONCLUIDO','','admin',NULL,'admin','2017-02-21 03:44:06',1),(28,1,'Leoncio Prado','Arquitecto de Software','65487245','l@prado.cc',NULL,NULL,0,NULL,NULL,NULL,NULL,NULL,NULL,'01SIST05','Arquitecto de Software','','','','','',2,1,'',NULL,NULL,NULL,NULL,NULL,NULL,NULL,NULL,NULL,NULL,NULL,NULL,NULL,NULL,NULL,NULL,NULL,NULL,NULL,NULL,NULL,NULL,NULL,NULL,NULL,NULL,NULL,NULL,NULL,NULL,NULL,NULL,NULL,NULL,NULL,NULL,NULL,NULL,'EN_PROCESO','','admin',NULL,'admin',NULL,1),(31,1,'Sheldon Cooper','Ingeniero de Software','854785','s@cooper.cc',NULL,NULL,0,NULL,NULL,NULL,NULL,NULL,NULL,'01SIST06','Ingeniero de Software','','','','','',2,1,'',NULL,NULL,NULL,NULL,NULL,NULL,NULL,NULL,NULL,NULL,NULL,NULL,NULL,NULL,NULL,NULL,NULL,NULL,NULL,NULL,NULL,NULL,NULL,NULL,NULL,NULL,NULL,NULL,NULL,NULL,NULL,NULL,NULL,NULL,NULL,NULL,NULL,NULL,'EN_PROCESO','','admin',NULL,'admin',NULL,1),(32,1,'Carolina Herrera','Gerente de operaciones','7005148','carolinah@emp.com',NULL,NULL,0,NULL,NULL,NULL,NULL,NULL,NULL,'01ADMI08','Analista de mermas','','','','','',1,1,'',NULL,NULL,NULL,NULL,NULL,NULL,NULL,NULL,NULL,NULL,NULL,NULL,NULL,NULL,NULL,NULL,NULL,NULL,NULL,NULL,NULL,NULL,NULL,NULL,NULL,NULL,NULL,NULL,NULL,NULL,NULL,NULL,NULL,NULL,NULL,NULL,NULL,NULL,'EN_PROCESO','','admin',NULL,'admin',NULL,1),(33,1,'Carolina Herrera','Gerente de operaciones','7005148','carolinah@emp.com',NULL,NULL,0,NULL,NULL,NULL,NULL,NULL,NULL,'01ADMI09','Analista de informacion','','','','','',1,1,'',NULL,NULL,NULL,NULL,NULL,NULL,NULL,NULL,NULL,NULL,NULL,NULL,NULL,NULL,NULL,NULL,NULL,NULL,NULL,NULL,NULL,NULL,NULL,NULL,NULL,NULL,NULL,NULL,NULL,NULL,NULL,NULL,NULL,NULL,NULL,NULL,NULL,NULL,'EN_PROCESO','','admin',NULL,'admin',NULL,1),(35,1,'Carolina Herrera','Gerente de operaciones','7005148','carolinah@emp.com',NULL,NULL,0,NULL,NULL,NULL,NULL,NULL,NULL,'01ADMI10','Analista de operaciones','','','','','',1,1,'','adsf','asdfsdf','sdf',1,'dfsdf','fdwdf','efe',2,NULL,NULL,NULL,NULL,NULL,NULL,NULL,NULL,NULL,NULL,NULL,NULL,NULL,NULL,NULL,NULL,NULL,NULL,NULL,NULL,NULL,NULL,NULL,NULL,NULL,NULL,NULL,NULL,NULL,'','EN_PROCESO','','admin',NULL,'admin','2017-02-21 04:31:09',1),(36,1,'Lucio Quieto','Ingeniero Soporte','757575757','ggr@fdfdf.cc',NULL,NULL,0,NULL,NULL,NULL,NULL,NULL,NULL,'01SIST07','Ingerio Soporte','','','','','',2,1,'',NULL,NULL,NULL,NULL,NULL,NULL,NULL,NULL,NULL,NULL,NULL,NULL,NULL,NULL,NULL,NULL,NULL,NULL,NULL,NULL,NULL,NULL,NULL,NULL,NULL,NULL,NULL,NULL,NULL,NULL,NULL,NULL,NULL,NULL,NULL,NULL,NULL,NULL,'EN_PROCESO','','admin',NULL,'admin',NULL,1),(43,1,'HUGO BALLÓN','SUPERVISOR DE TURNO',NULL,NULL,'VERDE',NULL,0,2,1,1,1,4,4,'08GERE01','','',NULL,'','ASESOR TECNICO','',4,1,'Asesorar técnicamente a la Gerencia de Producción para adquision de equipos, puesta en marcha de proyectos, contacto con proveedores de equipos,venta de materiales, asesora en toda la gestion de la planta; la referida asesoría es no vinculante en la toma de desiciones de compras.','Conducir  vehículo (carrito de golf) asignado por la empresa para desplazarse en instalaciones de la Planta. Cumplir con los protocolos de señalización y códigos de colores de seguridad por los desplazamientos efectuados en zona industrial.','Requiere buena visión cercana y discriminación de colores para lectura de etiquetas, manuales, procedimientos. Buena visión lejana y de profundidad para manejar vehiculos y ubicarse en la planta','Ametropias no corregidas, discromatopsias',0,'Efectuar coordinaciones de trabajo con personal del área, otras áreas y terceros.','Requiere buena audición de la zona de la conversación para comunicarse con los clientes internos y externos','Hipoacusias no corregibles',1,'Conducir  vehículo asignado (carrito de golf) por la empresa para desplazarse en instalaciones de la Planta. Desplazarse en ambientes de oficinas.','Requiere funcionalidad de miembros inferiores para desplazarse en las isntalaciones, subir y bajar escaleras y plataformas. Acciona pedales con los pies al manejar vehiculos.','Amputaciones de miembros inferiores',0,'Conducir  vehículo asignado por la empresa (carrito de golf) para desplazarse en instalaciones de la Planta. ','Requiere buen funcionamiento de miembros superiores para manipular timon, y sostener los puntos de apoyo al subir escaleras. Manipula insumos y productos.','Amputaciones de miembros superiores',0,'Efectúar indagaciones, análisis , evaluaciones y producto de los mismos plantear propuestas.','Requiere conocer y comprender procedimientos, analisa productos y en función a su conocimiento realiza recoemndaciones','Trastornos cognitivos',0,'Interactuar o coordinar con prooveedores, clientes, así como con personal de empresa.','Requiere manejo de emociones y comunicación asertiva para comunicarse con clientes externos e internos.','Trastornos del habla y lenguaje',0,0,1,0,0,0,0,0,1,0,0,0,0,0,NULL,'CONCLUIDO','','admin','2017-02-23 01:42:02','admin','2017-02-23 01:42:02',1),(44,1,'KAREN BARRERA','ASESOR DE CAMPO',NULL,NULL,'VERDE',NULL,0,0,0,0,0,0,0,'08CAMP01','JEFE DE SERVICIOS AL GANADERO','',NULL,'','JEFE DE SERVICIOS AL GANADERO','',5,1,'Administrar la logística de proyectos de responsabilidad social de mejora de ganadería de proveedores de leche a nivel nacional.','Manejar vehículo (camioneta) asignado por la empresa. ','Requiere buena vision cercana y discriminacion de colores para lectura de procedimientos, etiquetas, insumos, buena vision lejana y de profundidad para manejar vehiculos.','Ametropias no corregidas, discromatopsias',0,'Establecer contactos y comunicación a todo nivel, en particular con los proveedores (uso constante de celular)','Requiere buena audición de la zona de la conversación para comunicarse con los clientes internos y externos','Hipoacusias no corregibles',1,'Recorrer los establos de los proveedores .','Requiere buena funcionalidad de miembros inferiores pues maneja vehiculo (Camioneta), debe subir y bajar del vehiculo, desplzarse cpor zonas de ganado con terreno irregular.','Amputaciones de miembros inferiores',0,'Manejar vehículo (camioneta) asignado por la empresa. Examinar animales durante visita de campo. Elaborar informes y reportes principalmente en forma digital','Requiere buena funcion en miembros superiores para manejar vehiculos y accionar palancas, mostrar tecnicas a los ganaderos.','Amputaciones de miembros superiores',0,'Evaluar mejores opciones de compra de materiales, maquinarias, otros afines requeridos en los proyectos de responsabilidad social. ','Requiere conocer y comprender procedimientos, realiza labor de capacitación a terceros.','Trastornos cognitivos',0,'Asisir a eventos fuera del país e interactuar y establecer contactos con proveedores de insumos o materiales.','Requiere manejo de emeociones, comunicación asertiva y manejo de conflictos para coordinar con los ganaderos.','Trastornos del habla y lenguaje',0,0,1,0,0,0,0,0,0,0,0,0,0,0,NULL,'CONCLUIDO','','admin','2017-02-23 01:42:03','admin','2017-02-23 01:42:03',1),(45,1,'KAREN BARRERA','ASESOR DE CAMPO',NULL,NULL,'VERDE',NULL,0,0,0,0,0,0,0,'08CAMP02','ASESOR TECNICO DE CAMPO','',NULL,'','ASESOR TECNICO DE CAMPO','',5,1,'Dar asesoría técnica insitu al ganadero  o proveedor de leche.','Identificar calidad de la leche en establos. Examinar animales de los proveedores de leche. Conducir camioneta o movilidad asignada por la empresa.','Requiere buena vision cercana y discriminacion de colores para discriminar las caracteristicas de la materia prima (leche), examinar animales. Buena vision lejana y de profundidad para manejar vehiculos.','Ametropias no corregidas, discromatopsias',0,'Interactuar y comunicarse principalmente con personalde empresa y proveedores.','Requiere buena audición de la zona de la conversación para comunicarse con los clientes internos y externos','Hipoacusias no corregibles',1,'Conducir moviliidad (camioneta) en el desarrollo de la labor asignada.. Desplazarse en los establos de los proveedores (ganaderos).','Requiere buena funcionalidad de miembros inferiores pues maneja vehiculo (Camioneta), debe subir y bajar del vehiculo, desplzarse cpor zonas de ganado con terreno irregular.','Amputaciones de miembros inferiores',0,'Efectuar trabajo manual y visual para analizar densidad, acidez, temperatura, pruebas de adulteración, otras afines a pruebas de calidad en campo. Conducir moviliidad (camioneta) en el desarrollo de la labor asignada. Digitar equipo de cómputo.','Requiere buena funcion en miembros superiores para manejar vehiculos y accionar palancas, manipular ganado y las herramientas necesarias para este proceso.','Amputaciones de miembros superiores',0,'Evaluar y decidir aceptación o no de la leche en campo.','Requiere conocer y comprender procedimientos, realiza labor de capacitación a terceros y decide la aceptación o no de la materia prima.','Trastornos cognitivos',0,'Interactuar permanentemente con los proveedores de leche, transmitiendo y convenciendo respecto al mensaje de lo que pueda ser mejor para el ganadero.','Requiere manejo de emeociones, comunicación asertiva y manejo de conflictos para coordinar con los ganaderos.','Trastornos del habla y lenguaje',0,0,1,0,0,0,0,0,0,0,0,0,0,0,NULL,'CONCLUIDO','','admin','2017-02-23 01:42:04','admin','2017-02-23 01:42:04',1);
/*!40000 ALTER TABLE `puesto_trabajo` ENABLE KEYS */;
UNLOCK TABLES;

--
-- Table structure for table `rol_permiso`
--

DROP TABLE IF EXISTS `rol_permiso`;
/*!40101 SET @saved_cs_client     = @@character_set_client */;
/*!40101 SET character_set_client = utf8 */;
CREATE TABLE `rol_permiso` (
  `id_rol` int(11) unsigned NOT NULL,
  `id_permiso` int(11) unsigned NOT NULL,
  `acceso` tinyint(4) DEFAULT NULL,
  `agregar` tinyint(4) DEFAULT NULL,
  `editar` tinyint(4) DEFAULT NULL,
  `eliminar` tinyint(4) DEFAULT NULL,
  `exportar` tinyint(4) DEFAULT NULL,
  `importar` tinyint(4) DEFAULT NULL
) ENGINE=InnoDB DEFAULT CHARSET=utf8;
/*!40101 SET character_set_client = @saved_cs_client */;

--
-- Dumping data for table `rol_permiso`
--

LOCK TABLES `rol_permiso` WRITE;
/*!40000 ALTER TABLE `rol_permiso` DISABLE KEYS */;
INSERT INTO `rol_permiso` VALUES (1,1,1,1,1,1,1,1),(1,2,1,1,1,1,1,1),(1,3,1,1,1,1,1,1),(1,4,1,1,1,1,1,1),(1,5,1,1,1,1,1,1),(1,6,1,1,1,1,1,1),(1,7,1,1,1,1,1,1),(1,8,1,1,1,1,1,1),(1,9,1,1,1,1,1,1),(1,10,1,1,1,1,1,1),(1,11,1,1,1,1,1,1),(1,12,1,1,1,1,1,1),(2,1,1,0,0,0,0,0),(2,2,0,1,0,0,0,0),(2,3,0,0,1,0,0,0),(2,4,0,0,0,1,0,0),(2,5,0,0,0,0,1,0),(2,6,0,0,0,0,0,1),(4,7,1,0,0,0,0,0),(6,6,1,0,0,0,0,0),(8,1,1,0,0,0,0,0);
/*!40000 ALTER TABLE `rol_permiso` ENABLE KEYS */;
UNLOCK TABLES;

--
-- Table structure for table `roles`
--

DROP TABLE IF EXISTS `roles`;
/*!40101 SET @saved_cs_client     = @@character_set_client */;
/*!40101 SET character_set_client = utf8 */;
CREATE TABLE `roles` (
  `id` int(11) unsigned NOT NULL AUTO_INCREMENT,
  `nombre` varchar(50) DEFAULT NULL,
  PRIMARY KEY (`id`)
) ENGINE=InnoDB AUTO_INCREMENT=10 DEFAULT CHARSET=utf8;
/*!40101 SET character_set_client = @saved_cs_client */;

--
-- Dumping data for table `roles`
--

LOCK TABLES `roles` WRITE;
/*!40000 ALTER TABLE `roles` DISABLE KEYS */;
INSERT INTO `roles` VALUES (1,'Administrador'),(2,'Analista'),(4,'ingeniero siso'),(6,'especialista eva-erin'),(7,'Rol'),(8,'analista3');
/*!40000 ALTER TABLE `roles` ENABLE KEYS */;
UNLOCK TABLES;

--
-- Table structure for table `usuarios`
--

DROP TABLE IF EXISTS `usuarios`;
/*!40101 SET @saved_cs_client     = @@character_set_client */;
/*!40101 SET character_set_client = utf8 */;
CREATE TABLE `usuarios` (
  `id` int(11) unsigned NOT NULL AUTO_INCREMENT,
  `nombres` varchar(250) DEFAULT NULL,
  `apellidos` varchar(250) DEFAULT NULL,
  `telefono` varchar(12) DEFAULT NULL,
  `email` varchar(120) DEFAULT NULL,
  `usuario` varchar(250) DEFAULT NULL,
  `contrasena` varchar(250) DEFAULT NULL,
  `id_rol` int(11) unsigned NOT NULL,
  `id_empresa` int(11) DEFAULT NULL,
  `usuario_creado` varchar(250) NOT NULL,
  `fecha_creado` datetime DEFAULT NULL,
  `usuario_modificado` varchar(250) NOT NULL,
  `fecha_modificado` datetime DEFAULT NULL,
  `estado` tinyint(1) NOT NULL DEFAULT '1',
  PRIMARY KEY (`id`),
  KEY `FK_ROLES` (`id_rol`),
  CONSTRAINT `FK_ROLES` FOREIGN KEY (`id_rol`) REFERENCES `roles` (`id`)
) ENGINE=InnoDB AUTO_INCREMENT=9 DEFAULT CHARSET=utf8;
/*!40101 SET character_set_client = @saved_cs_client */;

--
-- Dumping data for table `usuarios`
--

LOCK TABLES `usuarios` WRITE;
/*!40000 ALTER TABLE `usuarios` DISABLE KEYS */;
INSERT INTO `usuarios` VALUES (1,'admin','admin','111','admin@admin','admin','admin',1,1,'','2017-02-04 22:06:50','','2017-02-04 22:06:50',1),(2,'jorge jair','nuñez solis ','111111','jnunezs@dd.com','jnunez','123456',1,1,'admin','2017-02-05 10:02:02','admin','2017-02-05 10:02:45',0),(3,'analista','analista','123123','analista@ff.cc','analista','analista',2,1,'admin','2017-02-16 03:52:14','admin','2017-02-16 03:53:38',1),(4,'Segundo','Rosales','0499005148','fiorella212@gmail.com','siso','siso',4,1,'admin','2017-02-18 18:26:38','',NULL,1),(5,'Eva','Mendez','','fiorella212@gmail.com','analista2','analista2',2,1,'admin','2017-02-18 18:33:47','admin','2017-02-18 18:33:59',0),(6,'Rafael','Nadal','','dd@ddd.cc','ingenierosiso2','123456',4,1,'admin','2017-02-19 21:14:35','',NULL,1),(7,'Rafael','Na','','x@x.com','ingenierosiso3','1234',6,1,'admin','2017-02-19 21:17:39','admin','2017-02-19 21:27:44',1),(8,'Fiorella','Ríos Canales','','fiorellarc@consultora.com','fiorella','1234',8,1,'admin','2017-02-20 13:06:10','',NULL,1);
/*!40000 ALTER TABLE `usuarios` ENABLE KEYS */;
UNLOCK TABLES;

--
-- Dumping routines for database 'db_puestos'
--
/*!40103 SET TIME_ZONE=@OLD_TIME_ZONE */;

/*!40101 SET SQL_MODE=@OLD_SQL_MODE */;
/*!40014 SET FOREIGN_KEY_CHECKS=@OLD_FOREIGN_KEY_CHECKS */;
/*!40014 SET UNIQUE_CHECKS=@OLD_UNIQUE_CHECKS */;
/*!40101 SET CHARACTER_SET_CLIENT=@OLD_CHARACTER_SET_CLIENT */;
/*!40101 SET CHARACTER_SET_RESULTS=@OLD_CHARACTER_SET_RESULTS */;
/*!40101 SET COLLATION_CONNECTION=@OLD_COLLATION_CONNECTION */;
/*!40111 SET SQL_NOTES=@OLD_SQL_NOTES */;

-- Dump completed on 2017-02-23  1:55:34
